id,user_id,completed_at,item_total,shipment_total
258666,32105,2022-08-01 03:27,38.11,2.5
258691,32119,2022-08-01 08:22,39.31,2.5
258700,32124,2022-08-01 09:06,40.52,2.5
258701,32125,2022-08-01 09:08,47.52,2.5
258697,32122,2022-08-01 09:09,38.95,2.5
258654,32096,2022-08-01 09:38,47.62,2.5
258708,9365,2022-08-01 09:46,31.05,2.5
258715,32131,2022-08-01 10:06,38.24,2.5
258717,32132,2022-08-01 10:13,50.82,2.5
253736,29324,2022-08-01 10:14,50.3,2.5
258689,32118,2022-08-01 10:20,38.15,2.5
258719,32133,2022-08-01 10:33,39.8,2.5
235975,24736,2022-08-01 10:51,49.03,2.5
258733,32140,2022-08-01 11:15,42.57,2.5
258752,32154,2022-08-01 12:41,41.56,2.5
258444,31981,2022-08-01 12:51,40.72,2.5
258759,32158,2022-08-01 13:11,38.9,2.5
258764,32163,2022-08-01 13:28,48.4,2.5
253301,27775,2022-08-01 13:32,32.45,2.5
258771,32168,2022-08-01 14:06,48.12,2.5
258772,32169,2022-08-01 14:11,40.33,2.5
258776,32171,2022-08-01 14:31,47.55,2.5
256339,27073,2022-08-01 15:16,31.43,2.5
44057,100,2022-08-01 15:16,128.65,2.5
258800,32189,2022-08-01 15:51,65.56,2.5
254122,22014,2022-08-01 16:15,27.52,6.0
258805,32193,2022-08-01 16:21,48.82,2.5
258809,32196,2022-08-01 16:46,49.2,2.5
258821,32202,2022-08-01 17:18,38.5,2.5
258827,32208,2022-08-01 17:27,40.37,2.5
255713,22103,2022-08-01 18:14,27.44,6.0
258804,32191,2022-08-01 18:32,48.52,2.5
258843,32220,2022-08-01 18:37,47.68,2.5
241858,26331,2022-08-01 18:48,37.48,2.5
258848,32226,2022-08-01 18:51,40.83,2.5
258831,32210,2022-08-01 18:59,48.23,2.5
257292,31277,2022-08-01 19:00,48.6,2.5
253702,28493,2022-08-01 19:20,50.22,2.5
258866,32235,2022-08-01 20:28,38.28,2.5
258874,32241,2022-08-01 20:46,49.2,2.5
258885,32250,2022-08-01 21:32,39.06,2.5
45214,1673,2022-08-01 21:38,39.97,2.5
258903,32263,2022-08-02 03:05,49.67,2.5
252643,28953,2022-08-02 05:07,33.13,2.5
258910,32268,2022-08-02 05:51,37.95,2.5
258918,32273,2022-08-02 06:11,44.85,2.5
241687,26288,2022-08-02 06:18,48.06,2.5
258920,32274,2022-08-02 06:29,50.53,2.5
258924,32278,2022-08-02 06:38,38.59,2.5
258882,32248,2022-08-02 06:42,41.74,2.5
258925,32279,2022-08-02 06:59,48.27,2.5
258928,32282,2022-08-02 07:05,58.3,2.5
15023,288,2022-08-02 07:09,64.39,2.5
258930,32283,2022-08-02 07:13,26.38,6.0
258933,32285,2022-08-02 07:17,25.5,6.0
258917,32272,2022-08-02 07:46,48.01,2.5
258941,32288,2022-08-02 08:01,48.34,2.5
258565,32049,2022-08-02 08:49,41.89,2.5
108735,18752,2022-08-02 08:58,95.21,2.5
258953,32292,2022-08-02 09:00,51.26,2.5
258963,32295,2022-08-02 09:52,39.5,2.5
258969,32300,2022-08-02 10:00,23.07,6.0
258967,32298,2022-08-02 10:02,40.91,2.5
258971,32301,2022-08-02 10:03,47.56,2.5
258968,32299,2022-08-02 10:13,43.11,2.5
258977,32304,2022-08-02 10:15,18.66,6.0
258965,32296,2022-08-02 10:27,38.15,2.5
258983,32309,2022-08-02 11:08,49.2,2.5
257932,31641,2022-08-02 11:12,49.06,2.5
258989,32313,2022-08-02 11:13,45.69,2.5
258999,32321,2022-08-02 11:27,47.68,2.5
258993,32316,2022-08-02 11:32,41.1,2.5
259003,32323,2022-08-02 11:41,32.55,2.5
256140,20076,2022-08-02 12:22,57.26,2.5
233382,24194,2022-08-02 12:29,49.33,2.5
259024,32336,2022-08-02 13:07,39.46,2.5
259029,32339,2022-08-02 13:31,47.98,2.5
254353,28334,2022-08-02 13:46,27.07,6.0
259033,32342,2022-08-02 13:54,50.08,2.5
135849,8048,2022-08-02 14:18,131.36,2.5
259039,32345,2022-08-02 14:20,39.97,2.5
252702,192,2022-08-02 14:26,87.2,2.5
259040,32346,2022-08-02 14:30,42.54,2.5
259046,32349,2022-08-02 14:46,38.61,2.5
256298,30426,2022-08-02 14:56,33.66,2.5
259068,32360,2022-08-02 15:56,50.8,2.5
259075,32365,2022-08-02 16:06,43.44,2.5
257203,13314,2022-08-02 16:16,27.12,6.0
259091,32374,2022-08-02 16:40,38.82,2.5
259071,32362,2022-08-02 16:47,55.39,2.5
259089,32373,2022-08-02 16:48,48.26,2.5
255571,30379,2022-08-02 16:51,39.32,2.5
259102,32379,2022-08-02 17:17,51.49,2.5
259114,32390,2022-08-02 17:51,38.28,2.5
253012,15,2022-08-02 17:59,59.19,2.5
255244,30186,2022-08-02 18:04,33.6,2.5
255975,27801,2022-08-02 18:42,44.18,2.5
259129,32397,2022-08-02 19:03,48.54,2.5
259133,31483,2022-08-02 19:27,31.15,2.5
259142,32403,2022-08-02 19:39,47.78,2.5
206728,4004,2022-08-02 19:41,61.04,2.5
259154,32410,2022-08-02 20:07,48.26,2.5
259158,32415,2022-08-02 20:21,51.12,2.5
259159,32416,2022-08-02 20:25,47.25,2.5
259157,32413,2022-08-02 20:32,47.89,2.5
253437,29198,2022-08-02 20:40,46.6,2.5
259169,32422,2022-08-02 21:01,48.68,2.5
243224,26721,2022-08-02 21:03,52.8,2.5
259174,32424,2022-08-02 21:16,48.36,2.5
259182,32429,2022-08-02 21:46,45.06,2.5
259186,32431,2022-08-02 22:34,48.57,2.5
153173,19519,2022-08-03 01:45,30.43,2.5
258599,32011,2022-08-03 05:28,32.73,2.5
259204,32441,2022-08-03 05:28,55.3,2.5
206696,7126,2022-08-03 05:40,161.64,2.5
259210,32446,2022-08-03 07:02,39.37,2.5
259213,10733,2022-08-03 07:31,39.16,2.5
259215,32449,2022-08-03 07:34,50.13,2.5
259220,29784,2022-08-03 07:40,31.39,2.5
259217,32450,2022-08-03 07:44,48.48,2.5
240284,26039,2022-08-03 08:30,67.16,2.5
259228,32454,2022-08-03 08:32,53.98,2.5
259233,32458,2022-08-03 08:35,48.57,2.5
259229,32455,2022-08-03 08:41,38.89,2.5
259232,32457,2022-08-03 08:43,39.96,2.5
259240,32463,2022-08-03 09:21,49.83,2.5
259239,32462,2022-08-03 09:37,38.1,2.5
253360,29149,2022-08-03 09:44,37.83,2.5
259258,32475,2022-08-03 09:52,49.2,2.5
259250,32469,2022-08-03 09:52,41.15,2.5
259263,32479,2022-08-03 10:14,60.98,2.5
259276,32488,2022-08-03 11:01,38.73,2.5
259281,32492,2022-08-03 11:15,40.85,5.0
259290,32497,2022-08-03 12:01,53.42,2.5
259299,32504,2022-08-03 12:24,47.52,2.5
259306,32509,2022-08-03 12:56,62.29,2.5
259316,32515,2022-08-03 13:43,42.84,2.5
259326,32522,2022-08-03 13:55,46.78,2.5
259319,32516,2022-08-03 14:00,36.94,2.5
259328,32524,2022-08-03 14:04,47.69,2.5
258892,32255,2022-08-03 14:10,52.77,2.5
259334,32528,2022-08-03 14:41,47.06,2.5
256342,30769,2022-08-03 14:50,46.97,2.5
259340,32533,2022-08-03 15:15,37.76,2.5
256400,3127,2022-08-03 15:35,81.13,2.5
259092,27890,2022-08-03 15:37,66.35,2.5
254293,29506,2022-08-03 15:49,28.48,6.0
259351,32540,2022-08-03 15:52,50.33,2.5
259304,32507,2022-08-03 15:52,48.81,2.5
259354,32542,2022-08-03 15:58,38.61,2.5
257204,3705,2022-08-03 16:09,35.04,2.5
259273,32486,2022-08-03 16:25,48.6,2.5
258581,29039,2022-08-03 16:42,62.73,2.5
259371,32551,2022-08-03 16:58,37.2,2.5
259374,32553,2022-08-03 17:02,48.41,2.5
259383,32558,2022-08-03 17:11,47.98,2.5
259381,32557,2022-08-03 17:11,70.55,2.5
259387,32562,2022-08-03 17:24,37.74,2.5
259388,32563,2022-08-03 17:24,36.88,2.5
259384,32559,2022-08-03 17:26,36.98,2.5
259386,32561,2022-08-03 17:29,56.58,2.5
244597,25758,2022-08-03 17:46,31.9,2.5
254527,29713,2022-08-03 18:30,50.85,2.5
259403,32572,2022-08-03 18:31,37.62,2.5
258414,31964,2022-08-03 19:21,38.91,2.5
259415,32578,2022-08-03 19:29,40.49,2.5
259418,32580,2022-08-03 19:33,47.21,2.5
250271,28387,2022-08-03 20:25,48.84,2.5
259435,32588,2022-08-03 20:57,42.57,2.5
259438,32590,2022-08-03 21:08,47.15,2.5
259461,32600,2022-08-04 05:35,39.97,2.5
259465,32602,2022-08-04 06:11,49.41,2.5
236634,23978,2022-08-04 07:29,53.13,2.5
259478,32610,2022-08-04 07:54,44.71,2.5
259483,32613,2022-08-04 08:06,47.06,2.5
259482,32612,2022-08-04 08:09,35.14,2.5
259481,30784,2022-08-04 08:09,40.0,2.5
231107,23553,2022-08-04 08:16,39.27,2.5
258815,32193,2022-08-04 08:26,30.14,2.5
259490,32615,2022-08-04 08:44,50.51,2.5
237711,25381,2022-08-04 08:48,66.65,2.5
255487,30137,2022-08-04 09:11,39.37,2.5
259499,32618,2022-08-04 09:16,48.99,2.5
259501,3030,2022-08-04 09:38,121.76,2.5
259370,32196,2022-08-04 10:06,47.31,2.5
259509,27045,2022-08-04 10:10,32.7,2.5
259507,32622,2022-08-04 11:07,47.74,2.5
259532,32632,2022-08-04 11:42,82.17,2.5
258828,5398,2022-08-04 12:12,26.66,6.0
259583,32673,2022-08-04 14:44,87.14,2.5
259584,32673,2022-08-04 14:48,63.06,2.5
259586,32677,2022-08-04 15:04,47.37,2.5
259589,32680,2022-08-04 15:14,61.29,2.5
243453,17792,2022-08-04 15:26,67.62,2.5
259591,32682,2022-08-04 15:32,137.32,2.5
259592,32683,2022-08-04 15:50,48.81,2.5
259608,5603,2022-08-04 16:16,67.49,2.5
234377,8592,2022-08-04 16:57,46.08,2.5
259626,32706,2022-08-04 17:34,38.15,2.5
259624,32705,2022-08-04 17:36,39.74,2.5
259629,32708,2022-08-04 17:42,42.09,2.5
259636,32712,2022-08-04 17:55,48.87,2.5
259631,32709,2022-08-04 17:57,54.18,2.5
255589,117,2022-08-04 18:18,228.76,5.5
259642,32715,2022-08-04 18:18,36.63,2.5
259578,32668,2022-08-04 19:06,48.55,2.5
259654,32723,2022-08-04 19:52,36.77,2.5
259612,32695,2022-08-04 19:52,47.66,2.5
153222,7788,2022-08-04 19:56,70.33,2.5
259660,32726,2022-08-04 20:01,36.57,2.5
259646,32719,2022-08-04 20:07,47.95,2.5
259666,32729,2022-08-04 21:07,50.98,2.5
259671,32732,2022-08-04 22:18,48.41,2.5
259678,32738,2022-08-04 23:55,40.65,2.5
259688,32745,2022-08-05 05:11,25.9,6.0
259692,32747,2022-08-05 06:13,48.49,2.5
259697,32751,2022-08-05 07:01,37.78,2.5
259698,32752,2022-08-05 07:04,41.83,2.5
256273,7,2022-08-05 07:18,371.31,8.5
259700,32753,2022-08-05 07:20,38.61,2.5
259702,32755,2022-08-05 07:28,39.99,2.5
259701,32754,2022-08-05 07:33,48.49,2.5
255852,27163,2022-08-05 07:54,83.93,2.5
259704,32758,2022-08-05 07:56,47.44,2.5
256723,30960,2022-08-05 08:12,34.69,2.5
259712,32763,2022-08-05 08:20,76.4,2.5
259713,32764,2022-08-05 08:24,41.75,2.5
259714,32765,2022-08-05 08:27,44.03,2.5
259720,32770,2022-08-05 08:56,47.56,2.5
255976,28978,2022-08-05 09:08,31.71,2.5
259729,32775,2022-08-05 09:40,37.27,2.5
259539,32635,2022-08-05 09:42,39.83,2.5
252832,28988,2022-08-05 10:01,37.15,2.5
259606,32690,2022-08-05 10:08,38.5,2.5
259737,32781,2022-08-05 10:11,50.29,2.5
259743,32786,2022-08-05 10:16,45.36,2.5
258532,32029,2022-08-05 10:36,50.39,2.5
257413,26559,2022-08-05 11:03,28.45,6.0
259227,32453,2022-08-05 11:04,46.93,2.5
259753,32793,2022-08-05 11:24,44.03,2.5
259760,29700,2022-08-05 11:52,51.1,2.5
259774,32804,2022-08-05 12:56,48.38,2.5
259781,32808,2022-08-05 12:57,48.74,2.5
249538,8157,2022-08-05 13:16,119.47,2.5
259797,32818,2022-08-05 13:49,48.08,2.5
257808,31327,2022-08-05 14:15,31.62,2.5
259802,32821,2022-08-05 14:21,50.54,2.5
259806,32824,2022-08-05 14:26,47.26,2.5
259447,32595,2022-08-05 14:53,48.39,2.5
259563,32656,2022-08-05 15:03,48.72,2.5
259597,32686,2022-08-05 16:04,50.27,2.5
259831,32843,2022-08-05 16:19,62.65,2.5
259832,32844,2022-08-05 16:32,46.67,2.5
256533,9069,2022-08-05 17:13,31.28,2.5
259840,32851,2022-08-05 17:43,47.72,2.5
259852,32859,2022-08-05 17:53,38.21,2.5
258712,27998,2022-08-05 18:12,30.95,2.5
259856,32861,2022-08-05 18:17,38.46,2.5
259863,32866,2022-08-05 18:46,29.89,6.0
259868,32870,2022-08-05 20:27,50.43,2.5
256357,30775,2022-08-05 20:47,33.99,2.5
259872,32872,2022-08-05 21:43,46.92,2.5
259879,9165,2022-08-05 22:57,45.95,2.5
259881,32879,2022-08-05 23:59,50.39,2.5
259889,32883,2022-08-06 05:42,43.78,2.5
259892,32885,2022-08-06 06:07,38.91,2.5
258269,31863,2022-08-06 06:10,31.48,2.5
258477,31335,2022-08-06 06:34,54.06,2.5
259903,32891,2022-08-06 07:24,45.23,2.5
259902,32890,2022-08-06 07:24,45.82,2.5
259904,32892,2022-08-06 07:38,39.66,2.5
259921,32901,2022-08-06 09:30,47.6,2.5
259923,32902,2022-08-06 09:44,41.34,2.5
259932,32906,2022-08-06 10:40,36.71,2.5
231373,23645,2022-08-06 10:49,40.22,2.5
259940,32909,2022-08-06 11:12,37.73,2.5
255167,30022,2022-08-06 11:15,31.26,2.5
259944,32912,2022-08-06 11:28,37.76,2.5
259942,32911,2022-08-06 11:31,48.72,2.5
257616,282,2022-08-06 11:35,112.14,2.5
257318,27316,2022-08-06 12:25,29.62,6.0
250806,1579,2022-08-06 12:27,102.64,2.5
259953,32917,2022-08-06 12:49,41.28,2.5
256796,20109,2022-08-06 12:59,55.56,2.5
246544,27780,2022-08-06 13:28,47.98,2.5
259957,32919,2022-08-06 13:41,58.12,2.5
99431,71,2022-08-06 13:45,73.24,2.5
259960,32921,2022-08-06 13:47,36.59,2.5
259967,32927,2022-08-06 14:05,28.16,6.0
259973,32927,2022-08-06 14:15,27.77,6.0
259972,32929,2022-08-06 14:19,38.07,2.5
259974,32927,2022-08-06 14:20,26.89,6.0
256582,19396,2022-08-06 14:41,62.97,2.5
259982,30242,2022-08-06 14:49,32.51,2.5
259999,32945,2022-08-06 15:47,47.91,2.5
256391,30796,2022-08-06 16:05,52.39,2.5
260010,32955,2022-08-06 16:16,38.42,2.5
259993,32942,2022-08-06 16:16,49.4,2.5
260021,32927,2022-08-06 16:33,28.3,6.0
260023,32965,2022-08-06 17:00,47.77,2.5
259062,32357,2022-08-06 17:17,37.67,2.5
254545,28073,2022-08-06 17:20,27.48,6.0
260035,32971,2022-08-06 17:43,44.3,2.5
253896,29387,2022-08-06 18:42,53.04,2.5
239665,25055,2022-08-06 19:22,64.64,2.5
260053,32981,2022-08-06 19:34,59.85,2.5
260055,32983,2022-08-06 20:14,31.68,2.5
260057,32983,2022-08-06 20:17,27.74,6.0
253510,1443,2022-08-06 20:57,68.15,2.5
257041,6530,2022-08-06 21:11,61.49,2.5
260064,32990,2022-08-06 21:19,37.41,2.5
260074,32998,2022-08-07 00:04,37.98,2.5
260073,32997,2022-08-07 00:18,86.34,2.5
259955,5770,2022-08-07 05:13,32.45,2.5
250489,28435,2022-08-07 05:18,49.43,2.5
258417,31965,2022-08-07 06:32,37.0,2.5
260085,33006,2022-08-07 07:01,36.57,2.5
260088,33008,2022-08-07 07:30,45.63,2.5
260090,33010,2022-08-07 07:48,48.82,2.5
260056,32984,2022-08-07 07:56,47.91,2.5
260094,33013,2022-08-07 08:03,48.72,2.5
259938,32908,2022-08-07 08:35,31.04,2.5
260109,33022,2022-08-07 08:41,37.37,2.5
260112,33023,2022-08-07 08:48,68.15,2.5
260111,20479,2022-08-07 08:51,33.12,2.5
260117,33026,2022-08-07 09:19,37.64,2.5
260123,33030,2022-08-07 09:29,39.84,2.5
260134,33037,2022-08-07 09:52,43.57,2.5
236698,25022,2022-08-07 10:00,46.7,2.5
260130,33035,2022-08-07 10:00,37.43,2.5
260139,33039,2022-08-07 10:25,37.3,2.5
60904,18312,2022-08-07 10:38,58.26,2.5
260143,33042,2022-08-07 10:46,35.66,2.5
260141,33040,2022-08-07 10:52,38.06,2.5
257440,35,2022-08-07 11:06,78.57,2.5
260147,33046,2022-08-07 11:06,37.89,2.5
260154,33050,2022-08-07 11:37,35.37,2.5
260160,33057,2022-08-07 11:44,47.32,2.5
252787,27569,2022-08-07 12:34,36.21,2.5
231040,23403,2022-08-07 12:35,32.16,2.5
252812,9053,2022-08-07 12:46,74.24,2.5
260176,33068,2022-08-07 12:54,46.62,2.5
260178,33070,2022-08-07 13:04,40.35,2.5
258652,32041,2022-08-07 13:09,50.98,2.5
260182,33073,2022-08-07 13:10,38.1,2.5
1943,4275,2022-08-07 13:12,37.26,2.5
260188,33079,2022-08-07 13:35,50.46,2.5
260190,33081,2022-08-07 13:36,67.85,2.5
260189,33080,2022-08-07 13:42,48.04,2.5
255052,6265,2022-08-07 14:34,53.66,2.5
260202,33088,2022-08-07 14:39,37.7,2.5
260218,33095,2022-08-07 15:36,37.29,2.5
260221,33096,2022-08-07 15:50,67.04,2.5
260212,29867,2022-08-07 15:53,30.66,2.5
257370,21538,2022-08-07 16:40,168.76,2.5
260233,33104,2022-08-07 16:47,36.87,2.5
239361,18400,2022-08-07 17:25,42.58,2.5
260237,33107,2022-08-07 17:33,38.72,2.5
260247,33114,2022-08-07 17:43,38.35,2.5
260255,33120,2022-08-07 18:38,37.82,2.5
255186,29931,2022-08-07 18:48,40.76,2.5
238490,25467,2022-08-07 18:56,30.12,2.5
260260,31235,2022-08-07 19:08,204.99,2.5
260273,33130,2022-08-07 19:41,46.83,2.5
260275,33131,2022-08-07 20:00,46.7,2.5
260280,33134,2022-08-07 20:04,36.78,2.5
260284,33138,2022-08-07 21:01,69.85,2.5
260288,33139,2022-08-07 21:04,38.43,2.5
254204,7669,2022-08-07 21:36,26.69,6.0
30710,13013,2022-08-07 22:29,73.24,2.5
260299,33145,2022-08-08 00:20,71.64,2.5
260304,33147,2022-08-08 04:46,37.84,2.5
256078,4545,2022-08-08 05:17,76.86,2.5
260305,33148,2022-08-08 05:19,39.56,2.5
260319,33155,2022-08-08 07:36,36.95,2.5
260328,33161,2022-08-08 08:57,38.85,2.5
260242,33111,2022-08-08 09:25,43.01,2.5
260345,33174,2022-08-08 10:06,38.66,2.5
258061,31726,2022-08-08 10:52,44.48,2.5
257568,30427,2022-08-08 11:05,45.95,2.5
255205,30160,2022-08-08 11:09,40.95,2.5
260371,33192,2022-08-08 11:15,40.23,2.5
260364,33185,2022-08-08 11:19,41.46,2.5
260389,33203,2022-08-08 12:15,38.28,2.5
260397,33208,2022-08-08 12:42,46.84,2.5
260368,33190,2022-08-08 12:51,41.11,2.5
260400,33209,2022-08-08 13:20,47.5,2.5
259065,31395,2022-08-08 13:27,66.44,2.5
239058,25750,2022-08-08 13:30,69.36,2.5
260406,33213,2022-08-08 13:33,37.26,2.5
260410,33216,2022-08-08 13:40,38.38,2.5
260417,33221,2022-08-08 14:02,43.78,2.5
260419,33223,2022-08-08 14:12,52.47,2.5
260408,33214,2022-08-08 14:14,37.24,2.5
260424,33224,2022-08-08 14:24,48.7,2.5
260366,33187,2022-08-08 15:28,36.91,2.5
249014,8037,2022-08-08 15:30,63.07,2.5
260150,33047,2022-08-08 15:46,36.68,2.5
260443,33238,2022-08-08 16:22,36.73,2.5
260448,33242,2022-08-08 16:25,37.33,2.5
260454,33244,2022-08-08 16:34,45.33,2.5
239428,18728,2022-08-08 16:41,73.94,2.5
260455,33245,2022-08-08 16:45,38.47,2.5
255084,26497,2022-08-08 16:52,27.81,6.0
260461,33250,2022-08-08 16:54,38.41,2.5
260467,33253,2022-08-08 17:27,48.1,2.5
254478,29681,2022-08-08 17:27,31.21,2.5
260468,33254,2022-08-08 17:30,37.75,2.5
260474,33257,2022-08-08 17:31,46.21,2.5
254486,116,2022-08-08 17:33,33.8,2.5
260482,33260,2022-08-08 17:48,40.76,2.5
260483,33261,2022-08-08 18:00,40.43,2.5
260493,33270,2022-08-08 19:02,43.57,2.5
260500,33275,2022-08-08 19:20,37.94,2.5
259946,8854,2022-08-08 19:36,269.89,5.5
260507,33282,2022-08-08 19:53,37.26,2.5
260506,33281,2022-08-08 19:57,39.78,2.5
233927,9255,2022-08-08 19:59,64.86,2.5
257070,31035,2022-08-08 20:06,30.98,2.5
260514,33285,2022-08-08 20:46,47.29,2.5
259019,26078,2022-08-08 21:30,71.7,2.5
260527,32997,2022-08-09 00:43,37.51,2.5
260545,801,2022-08-09 07:01,66.19,2.5
260566,3030,2022-08-09 08:15,36.97,2.5
260544,33305,2022-08-09 08:16,41.11,2.5
260573,33318,2022-08-09 08:44,37.05,2.5
144779,19399,2022-08-09 09:07,57.98,2.5
250837,22070,2022-08-09 10:13,37.09,2.5
253307,29121,2022-08-09 10:15,39.37,2.5
260603,33337,2022-08-09 11:07,38.96,2.5
260612,33343,2022-08-09 11:53,36.91,2.5
260617,33346,2022-08-09 12:04,38.4,2.5
260630,33355,2022-08-09 13:03,36.91,2.5
260643,33366,2022-08-09 14:24,42.48,2.5
260602,33336,2022-08-09 14:31,38.29,2.5
260652,33372,2022-08-09 14:58,48.46,2.5
260653,33373,2022-08-09 15:10,37.1,8.5
257722,4493,2022-08-09 15:20,27.39,6.0
260277,33132,2022-08-09 15:58,47.29,2.5
253272,209,2022-08-09 16:49,97.9,2.5
260680,33390,2022-08-09 16:54,37.52,2.5
260674,33386,2022-08-09 16:58,49.74,2.5
260685,33394,2022-08-09 17:09,39.22,2.5
257831,31576,2022-08-09 17:09,30.36,2.5
255879,30548,2022-08-09 17:17,28.73,6.0
260686,33395,2022-08-09 17:17,47.61,2.5
258727,22375,2022-08-09 17:39,29.25,6.0
260693,33401,2022-08-09 17:50,46.28,2.5
260697,33403,2022-08-09 18:04,47.22,2.5
260702,33408,2022-08-09 18:29,37.26,2.5
260708,33413,2022-08-09 19:18,36.56,2.5
12903,15952,2022-08-09 20:05,47.18,2.5
260659,33376,2022-08-09 22:50,48.95,2.5
260071,32278,2022-08-09 23:24,37.43,2.5
260737,33431,2022-08-10 00:25,36.64,2.5
260437,33233,2022-08-10 01:06,38.37,2.5
260745,33438,2022-08-10 04:11,48.54,2.5
260753,28730,2022-08-10 06:31,62.87,2.5
260754,33443,2022-08-10 06:54,31.28,2.5
260637,33360,2022-08-10 07:38,44.43,2.5
260762,33446,2022-08-10 07:58,27.1,6.0
260763,33447,2022-08-10 08:03,40.01,2.5
260769,33451,2022-08-10 08:54,46.92,2.5
260773,33454,2022-08-10 09:17,37.95,2.5
260775,33456,2022-08-10 09:30,37.4,2.5
260781,33458,2022-08-10 10:08,47.76,2.5
260784,33460,2022-08-10 10:23,46.55,2.5
256757,27087,2022-08-10 10:41,33.84,2.5
260793,33468,2022-08-10 11:05,36.5,2.5
260792,33467,2022-08-10 11:10,38.76,2.5
260813,33481,2022-08-10 11:53,45.22,2.5
260816,33484,2022-08-10 12:16,34.45,2.5
260819,33486,2022-08-10 12:18,30.47,2.5
260777,31375,2022-08-10 12:24,30.95,2.5
260823,33489,2022-08-10 12:36,48.3,2.5
260827,33494,2022-08-10 12:54,37.08,2.5
260837,33499,2022-08-10 13:12,40.76,2.5
260831,33496,2022-08-10 13:40,40.03,2.5
260855,33508,2022-08-10 14:40,53.33,2.5
260857,33509,2022-08-10 14:42,58.39,2.5
260853,33507,2022-08-10 14:50,26.2,6.0
260859,33507,2022-08-10 14:52,26.66,6.0
260861,33507,2022-08-10 14:57,26.52,6.0
260852,33506,2022-08-10 14:58,47.16,2.5
260862,33507,2022-08-10 15:00,29.0,6.0
260860,33511,2022-08-10 15:00,77.8,2.5
260864,33507,2022-08-10 15:10,27.8,6.0
260866,33507,2022-08-10 15:13,28.85,6.0
260867,33507,2022-08-10 15:16,26.92,6.0
258471,31997,2022-08-10 15:18,42.72,2.5
260870,33507,2022-08-10 15:19,29.18,6.0
260874,33515,2022-08-10 15:38,37.69,2.5
232780,9175,2022-08-10 15:55,70.1,2.5
259990,32939,2022-08-10 15:58,81.47,2.5
260883,33518,2022-08-10 16:15,45.01,2.5
257687,23974,2022-08-10 16:25,29.93,6.0
260898,25638,2022-08-10 17:15,46.96,2.5
253185,308,2022-08-10 17:25,82.81,2.5
260673,33385,2022-08-10 17:34,37.94,2.5
260906,33531,2022-08-10 17:44,39.03,2.5
260912,33534,2022-08-10 17:46,59.98,2.5
260921,33542,2022-08-10 18:20,38.19,2.5
260922,33543,2022-08-10 18:29,39.89,2.5
260930,33549,2022-08-10 19:48,48.18,2.5
260931,18551,2022-08-10 20:01,33.24,2.5
260941,33556,2022-08-10 21:11,47.23,2.5
260943,33558,2022-08-10 21:20,59.4,2.5
260916,33538,2022-08-10 21:23,36.77,2.5
260945,33560,2022-08-10 21:33,37.63,2.5
260960,33571,2022-08-11 05:33,47.05,2.5
260964,33573,2022-08-11 06:31,37.97,2.5
260970,33576,2022-08-11 07:12,46.69,2.5
260979,33578,2022-08-11 08:02,40.63,2.5
260988,33585,2022-08-11 08:46,42.23,2.5
258706,24107,2022-08-11 08:49,36.43,2.5
260312,33151,2022-08-11 08:54,47.21,2.5
240083,25985,2022-08-11 08:56,52.09,2.5
261000,33593,2022-08-11 09:02,47.82,2.5
255815,30520,2022-08-11 09:05,46.89,2.5
261008,33598,2022-08-11 09:11,50.31,2.5
261011,33601,2022-08-11 09:11,48.99,2.5
261005,33597,2022-08-11 09:11,53.67,2.5
260996,33590,2022-08-11 09:15,46.72,2.5
261014,33603,2022-08-11 09:16,71.6,2.5
255316,29549,2022-08-11 09:20,67.72,2.5
258987,288,2022-08-11 09:22,125.12,2.5
261018,33606,2022-08-11 09:22,47.07,2.5
261002,33594,2022-08-11 09:26,48.25,2.5
195167,21637,2022-08-11 09:27,58.25,2.5
261020,33608,2022-08-11 09:28,53.76,2.5
261024,33611,2022-08-11 09:30,47.29,2.5
261025,33612,2022-08-11 09:31,29.89,6.0
261028,33612,2022-08-11 09:35,28.47,6.0
261027,33614,2022-08-11 09:35,49.32,2.5
261034,33612,2022-08-11 09:37,29.87,6.0
210559,5512,2022-08-11 09:46,175.22,2.5
261037,33617,2022-08-11 09:47,57.58,2.5
234209,3369,2022-08-11 09:59,51.64,2.5
261046,33625,2022-08-11 09:59,50.16,2.5
260995,33589,2022-08-11 10:07,37.12,2.5
261052,33629,2022-08-11 10:12,37.16,2.5
261059,33632,2022-08-11 10:17,48.15,2.5
260951,33565,2022-08-11 10:28,48.08,2.5
261071,33640,2022-08-11 10:29,46.89,2.5
261083,33646,2022-08-11 10:45,46.87,2.5
261085,33648,2022-08-11 10:47,47.19,2.5
261087,33650,2022-08-11 10:48,47.36,2.5
261081,33644,2022-08-11 10:51,46.75,2.5
261091,33653,2022-08-11 10:54,42.36,2.5
261093,33655,2022-08-11 10:59,43.57,2.5
261088,33651,2022-08-11 11:09,48.15,2.5
261095,33657,2022-08-11 11:13,49.89,2.5
261100,33660,2022-08-11 11:24,38.4,2.5
261105,33662,2022-08-11 11:30,51.56,2.5
261106,33663,2022-08-11 11:31,46.66,2.5
261107,33664,2022-08-11 11:47,47.21,2.5
261112,33667,2022-08-11 11:57,47.64,2.5
261119,33673,2022-08-11 12:00,46.69,2.5
261127,33680,2022-08-11 12:17,48.22,2.5
261050,33627,2022-08-11 12:19,47.24,2.5
261139,33689,2022-08-11 12:38,36.77,2.5
261135,25985,2022-08-11 12:39,30.73,2.5
261121,33675,2022-08-11 12:44,47.09,2.5
261133,33684,2022-08-11 12:44,46.9,2.5
261117,33672,2022-08-11 12:51,38.28,2.5
261138,33688,2022-08-11 12:53,50.06,2.5
261148,33692,2022-08-11 13:11,42.53,2.5
261157,33698,2022-08-11 13:25,47.55,2.5
261169,33704,2022-08-11 13:37,33.04,2.5
261158,33699,2022-08-11 14:05,47.24,2.5
261178,33711,2022-08-11 14:23,50.22,2.5
261181,33712,2022-08-11 14:33,50.39,2.5
261187,33717,2022-08-11 14:40,47.03,2.5
261184,33715,2022-08-11 14:49,53.03,2.5
261183,33714,2022-08-11 14:51,47.53,2.5
261189,33718,2022-08-11 14:54,37.89,2.5
226106,23049,2022-08-11 15:35,58.77,2.5
261195,33721,2022-08-11 15:38,50.79,2.5
255729,26050,2022-08-11 15:52,29.13,6.0
260944,33559,2022-08-11 16:02,46.66,2.5
261206,33729,2022-08-11 16:03,41.5,2.5
6224,6158,2022-08-11 16:09,137.39,2.5
261212,33732,2022-08-11 16:11,47.83,2.5
260250,33116,2022-08-11 16:12,34.68,2.5
261209,33731,2022-08-11 16:13,47.5,2.5
251961,7529,2022-08-11 16:20,30.24,2.5
240515,24749,2022-08-11 16:21,37.23,2.5
254005,28413,2022-08-11 16:22,33.75,2.5
261210,29889,2022-08-11 16:29,65.2,2.5
173832,20070,2022-08-11 16:30,30.06,2.5
261224,8859,2022-08-11 16:31,30.96,2.5
237010,24075,2022-08-11 16:32,35.27,2.5
180647,20596,2022-08-11 16:33,30.81,2.5
235295,24557,2022-08-11 16:37,45.05,2.5
241098,24459,2022-08-11 16:37,29.77,6.0
11506,14031,2022-08-11 16:47,32.27,2.5
184238,16693,2022-08-11 16:49,65.05,2.5
17000,17721,2022-08-11 16:51,47.61,2.5
7308,11619,2022-08-11 16:52,44.82,2.5
261232,33738,2022-08-11 16:54,46.92,2.5
217500,22147,2022-08-11 17:06,40.82,2.5
261243,33744,2022-08-11 17:19,50.12,2.5
106485,8303,2022-08-11 17:24,62.81,2.5
253879,21929,2022-08-11 17:28,38.36,2.5
231201,22561,2022-08-11 17:41,36.38,2.5
260470,33255,2022-08-11 17:53,51.41,2.5
150098,9137,2022-08-11 18:00,35.88,2.5
242021,26077,2022-08-11 18:01,41.68,2.5
255730,21102,2022-08-11 18:11,36.64,2.5
261252,33751,2022-08-11 18:11,47.69,2.5
238993,25729,2022-08-11 18:13,37.78,2.5
240089,25987,2022-08-11 18:17,40.72,2.5
239424,25045,2022-08-11 18:25,37.72,2.5
261035,33612,2022-08-11 18:38,26.91,6.0
260078,33001,2022-08-11 18:40,38.79,2.5
260634,21538,2022-08-11 18:42,192.97,5.5
261230,33737,2022-08-11 18:51,36.81,2.5
261287,8220,2022-08-11 18:51,89.34,2.5
261285,33762,2022-08-11 19:03,46.79,2.5
236111,23530,2022-08-11 19:16,41.11,2.5
256088,29234,2022-08-11 19:17,43.77,2.5
260107,33021,2022-08-11 19:18,46.59,2.5
15425,6656,2022-08-11 19:23,63.69,2.5
245923,26923,2022-08-11 19:26,37.23,2.5
261274,33760,2022-08-11 19:34,47.07,2.5
16178,17268,2022-08-11 19:36,37.06,2.5
261299,33765,2022-08-11 19:50,39.48,2.5
250824,9224,2022-08-11 19:53,70.19,2.5
261303,33767,2022-08-11 20:29,40.29,2.5
16135,495,2022-08-11 21:01,62.08,2.5
34104,12350,2022-08-11 21:17,46.35,2.5
261315,33776,2022-08-11 21:29,37.05,2.5
162296,6428,2022-08-11 21:37,61.24,2.5
261318,33778,2022-08-11 21:40,48.15,2.5
251080,24096,2022-08-11 21:54,62.23,2.5
261330,33782,2022-08-12 04:51,49.49,2.5
261333,33785,2022-08-12 05:49,50.33,2.5
261332,33784,2022-08-12 05:55,36.96,2.5
261335,33787,2022-08-12 06:20,46.52,2.5
231567,23720,2022-08-12 06:37,37.32,2.5
259187,22572,2022-08-12 06:51,28.37,6.0
37580,875,2022-08-12 06:57,74.94,2.5
251297,8120,2022-08-12 06:59,62.04,2.5
260137,33038,2022-08-12 06:59,41.67,2.5
238393,25488,2022-08-12 07:12,40.23,2.5
261341,33791,2022-08-12 07:19,37.97,2.5
261338,33788,2022-08-12 07:26,42.37,2.5
261343,33792,2022-08-12 07:29,47.74,2.5
253675,29291,2022-08-12 07:41,36.95,2.5
259860,32864,2022-08-12 07:57,49.02,2.5
251837,28810,2022-08-12 08:10,42.36,2.5
16695,17505,2022-08-12 08:17,37.48,2.5
261342,265,2022-08-12 08:20,250.97,2.5
256734,755,2022-08-12 08:37,35.88,2.5
56187,11186,2022-08-12 08:47,62.25,2.5
254085,18345,2022-08-12 08:50,36.92,2.5
82431,2791,2022-08-12 09:04,64.55,2.5
243669,26881,2022-08-12 09:14,38.07,2.5
234615,7206,2022-08-12 09:18,87.07,2.5
245520,27409,2022-08-12 09:23,47.13,2.5
261367,33803,2022-08-12 09:23,35.68,2.5
256952,8697,2022-08-12 09:48,36.88,2.5
258668,21683,2022-08-12 09:58,27.61,6.0
241595,13126,2022-08-12 10:14,40.89,2.5
261324,33780,2022-08-12 10:19,58.48,2.5
261375,33767,2022-08-12 10:21,30.69,2.5
260677,33387,2022-08-12 10:57,37.03,2.5
7670,3125,2022-08-12 11:01,64.64,2.5
260645,32011,2022-08-12 11:05,27.98,6.0
261304,33768,2022-08-12 12:10,46.43,2.5
261400,33818,2022-08-12 12:11,32.61,5.0
261340,33790,2022-08-12 12:28,37.5,2.5
27194,447,2022-08-12 12:49,88.93,2.5
261413,33824,2022-08-12 12:52,37.38,2.5
246449,24445,2022-08-12 13:49,36.44,2.5
261422,33828,2022-08-12 14:08,52.73,2.5
170109,19900,2022-08-12 14:10,48.85,2.5
261349,33795,2022-08-12 14:33,46.92,2.5
261250,33749,2022-08-12 15:03,36.88,2.5
249465,4021,2022-08-12 15:06,62.16,2.5
261260,33754,2022-08-12 15:19,36.52,2.5
260800,33472,2022-08-12 16:00,36.66,2.5
261443,33835,2022-08-12 16:20,48.35,2.5
257582,31371,2022-08-12 16:33,37.41,2.5
257494,31370,2022-08-12 16:39,47.77,2.5
260043,13314,2022-08-12 16:57,33.81,2.5
261457,33841,2022-08-12 17:12,31.58,2.5
258224,24793,2022-08-12 17:13,348.43,11.5
261442,33834,2022-08-12 17:14,44.9,2.5
261461,33844,2022-08-12 17:24,37.24,2.5
256733,21676,2022-08-12 17:24,33.78,2.5
248661,7868,2022-08-12 17:26,86.1,2.5
261441,33833,2022-08-12 17:35,46.39,2.5
261472,33850,2022-08-12 18:14,41.16,2.5
252907,28448,2022-08-12 18:14,36.97,2.5
261061,33633,2022-08-12 18:41,46.85,2.5
261482,22375,2022-08-12 19:17,28.23,6.0
216836,21421,2022-08-12 19:53,41.11,2.5
261486,33858,2022-08-12 19:59,80.37,2.5
261487,33859,2022-08-12 20:34,37.8,2.5
261494,33134,2022-08-12 21:53,47.62,2.5
15930,12351,2022-08-12 22:50,64.79,2.5
261515,33877,2022-08-13 07:03,40.46,2.5
261518,33879,2022-08-13 07:52,38.21,2.5
261520,33880,2022-08-13 08:06,46.56,2.5
261523,33882,2022-08-13 08:07,37.15,2.5
261521,33881,2022-08-13 08:15,39.65,2.5
261527,33886,2022-08-13 08:21,38.98,2.5
261531,33887,2022-08-13 08:49,38.48,2.5
251119,26485,2022-08-13 09:02,37.86,2.5
261533,33888,2022-08-13 09:14,47.0,2.5
261548,33895,2022-08-13 10:38,38.92,2.5
145101,239,2022-08-13 11:50,83.86,2.5
230870,23452,2022-08-13 11:51,52.29,2.5
228710,23181,2022-08-13 11:53,48.11,2.5
261558,33900,2022-08-13 12:06,38.94,2.5
261560,32336,2022-08-13 12:25,30.6,2.5
261565,33904,2022-08-13 13:06,46.32,2.5
261569,33906,2022-08-13 13:42,98.08,2.5
253611,29271,2022-08-13 14:27,40.33,2.5
223736,22909,2022-08-13 14:40,41.23,2.5
261475,33852,2022-08-13 14:49,47.77,2.5
261586,33915,2022-08-13 14:50,40.01,2.5
261587,33916,2022-08-13 14:55,38.67,2.5
258981,32308,2022-08-13 15:10,46.78,2.5
239422,25347,2022-08-13 15:28,48.72,2.5
261594,33922,2022-08-13 15:47,48.01,2.5
257289,31275,2022-08-13 16:07,38.38,2.5
261609,33930,2022-08-13 16:26,36.61,2.5
261633,33947,2022-08-13 18:07,48.77,2.5
261636,32563,2022-08-13 18:34,33.87,2.5
9140,13244,2022-08-13 18:51,36.61,2.5
260227,12247,2022-08-13 19:13,37.19,2.5
261652,33958,2022-08-13 20:04,39.66,2.5
261667,33967,2022-08-13 22:55,46.63,2.5
261675,33971,2022-08-14 05:09,38.56,2.5
261682,33975,2022-08-14 06:10,38.58,2.5
259225,32452,2022-08-14 06:50,49.5,2.5
261693,33983,2022-08-14 06:53,38.66,2.5
261692,33982,2022-08-14 06:53,41.03,2.5
250959,3833,2022-08-14 07:27,70.47,2.5
261701,33988,2022-08-14 07:53,48.36,2.5
16996,17718,2022-08-14 07:59,41.69,2.5
86943,938,2022-08-14 08:02,62.43,2.5
261446,5398,2022-08-14 08:10,34.19,2.5
238612,25621,2022-08-14 08:50,42.06,2.5
261720,33999,2022-08-14 09:47,34.07,2.5
242755,26580,2022-08-14 10:10,36.68,2.5
261723,34002,2022-08-14 10:15,42.34,2.5
258573,9168,2022-08-14 10:27,36.29,2.5
261728,34006,2022-08-14 10:51,36.62,2.5
261729,34007,2022-08-14 10:52,47.96,2.5
261735,34011,2022-08-14 11:24,37.02,2.5
256046,21880,2022-08-14 11:29,52.68,2.5
13293,16105,2022-08-14 12:20,58.14,2.5
261742,34016,2022-08-14 12:44,49.51,2.5
261750,1125,2022-08-14 13:35,63.64,2.5
261752,34019,2022-08-14 13:36,48.62,2.5
106593,690,2022-08-14 14:08,64.13,2.5
261258,22606,2022-08-14 14:25,39.11,2.5
261762,34023,2022-08-14 14:41,95.25,2.5
249505,14974,2022-08-14 14:53,34.71,2.5
246678,5956,2022-08-14 15:09,62.15,2.5
236945,19713,2022-08-14 15:09,72.33,2.5
261772,34029,2022-08-14 15:40,41.39,2.5
257450,31331,2022-08-14 15:47,31.46,2.5
261730,34008,2022-08-14 16:00,40.69,2.5
233597,1165,2022-08-14 16:12,193.76,2.5
239926,24779,2022-08-14 16:27,49.43,2.5
245145,11722,2022-08-14 16:32,42.58,2.5
261785,34036,2022-08-14 16:39,40.0,2.5
261783,34035,2022-08-14 16:42,59.24,2.5
13800,240,2022-08-14 16:46,104.65,2.5
261788,34039,2022-08-14 16:59,47.08,2.5
13764,7491,2022-08-14 17:02,42.58,2.5
261800,17052,2022-08-14 18:02,63.54,2.5
261804,34047,2022-08-14 18:22,48.42,2.5
261808,34050,2022-08-14 18:37,52.83,2.5
261247,10191,2022-08-14 18:37,41.95,2.5
100731,12985,2022-08-14 18:45,35.41,2.5
257374,10425,2022-08-14 19:08,26.88,6.0
261480,29425,2022-08-14 19:26,44.82,2.5
249119,2230,2022-08-14 19:32,44.58,2.5
15801,329,2022-08-14 19:47,51.9,2.5
261673,4581,2022-08-14 20:34,45.54,2.5
260149,35,2022-08-14 20:37,116.73,2.5
183348,16706,2022-08-14 21:06,39.25,2.5
261278,600,2022-08-14 21:22,65.19,2.5
261820,34057,2022-08-14 21:26,45.02,2.5
261821,34058,2022-08-14 21:43,36.67,2.5
261825,34061,2022-08-14 21:56,41.27,2.5
259050,19601,2022-08-14 21:58,35.28,2.5
261829,34062,2022-08-14 22:22,43.19,2.5
261831,34063,2022-08-14 22:37,77.77,2.5
261840,34068,2022-08-15 05:09,43.82,2.5
261843,34070,2022-08-15 06:11,48.12,2.5
261844,34071,2022-08-15 06:17,44.84,2.5
257711,13,2022-08-15 06:32,144.73,2.5
261850,34073,2022-08-15 06:54,40.06,2.5
261863,34081,2022-08-15 08:53,44.04,2.5
261858,34078,2022-08-15 08:56,46.89,2.5
261870,34086,2022-08-15 09:45,39.6,2.5
261886,34095,2022-08-15 10:43,41.53,5.0
261883,34093,2022-08-15 10:53,38.42,2.5
261888,34097,2022-08-15 10:57,66.26,2.5
261890,34099,2022-08-15 11:25,39.92,2.5
252287,1345,2022-08-15 11:34,63.89,2.5
254567,22032,2022-08-15 11:48,83.59,2.5
261903,34106,2022-08-15 12:36,61.69,2.5
261918,34115,2022-08-15 14:22,36.68,2.5
261799,34008,2022-08-15 14:30,31.58,2.5
261931,34120,2022-08-15 14:47,48.0,2.5
261938,34124,2022-08-15 15:06,33.69,2.5
261935,34122,2022-08-15 15:08,54.66,2.5
15991,17165,2022-08-15 15:23,48.17,2.5
261945,34129,2022-08-15 16:04,39.25,2.5
261732,34009,2022-08-15 16:25,38.12,2.5
261948,34131,2022-08-15 16:27,37.9,2.5
261952,34134,2022-08-15 16:57,71.39,2.5
90936,7847,2022-08-15 17:03,37.14,2.5
261961,34142,2022-08-15 17:24,47.02,2.5
261966,34145,2022-08-15 17:36,39.38,2.5
261971,34149,2022-08-15 18:06,34.95,2.5
258824,32204,2022-08-15 18:47,46.77,2.5
256520,168,2022-08-15 19:36,40.38,2.5
261988,34159,2022-08-15 19:42,46.21,2.5
261989,34160,2022-08-15 19:49,60.77,2.5
261990,34161,2022-08-15 19:53,40.93,2.5
262004,34172,2022-08-15 21:49,39.41,2.5
262005,34173,2022-08-15 21:59,34.14,2.5
69528,17548,2022-08-16 00:06,60.95,2.5
259594,32685,2022-08-16 05:15,58.5,2.5
147471,1393,2022-08-16 06:12,77.7,2.5
262002,34170,2022-08-16 06:50,48.07,2.5
262024,34186,2022-08-16 07:59,47.65,2.5
262028,34188,2022-08-16 08:16,38.0,2.5
262038,34195,2022-08-16 08:58,28.89,6.0
257678,23563,2022-08-16 09:24,32.57,2.5
259293,32500,2022-08-16 09:54,158.43,2.5
262048,34200,2022-08-16 10:00,49.91,2.5
252583,21137,2022-08-16 10:20,40.8,2.5
257309,19942,2022-08-16 10:44,98.26,2.5
262066,34212,2022-08-16 11:35,42.67,2.5
262073,34217,2022-08-16 11:57,48.09,2.5
262079,34220,2022-08-16 12:28,36.93,2.5
262081,34222,2022-08-16 12:29,43.75,2.5
260350,7,2022-08-16 12:59,34.56,2.5
261364,33801,2022-08-16 12:59,42.77,2.5
257097,31176,2022-08-16 13:00,38.43,2.5
239667,24609,2022-08-16 13:59,65.9,2.5
257605,30699,2022-08-16 14:01,43.66,2.5
262090,34225,2022-08-16 14:01,37.33,2.5
262091,34226,2022-08-16 14:25,46.99,2.5
262093,34228,2022-08-16 14:37,40.48,2.5
262094,34229,2022-08-16 15:31,57.32,2.5
180801,20619,2022-08-16 15:46,47.41,2.5
262119,34246,2022-08-16 16:03,38.81,2.5
257537,28455,2022-08-16 16:09,29.05,6.0
262137,34255,2022-08-16 16:57,83.0,2.5
262134,34253,2022-08-16 17:00,38.17,2.5
262140,34258,2022-08-16 17:03,39.24,2.5
261297,21538,2022-08-16 17:05,153.46,8.5
262143,34258,2022-08-16 17:06,34.85,2.5
262141,34259,2022-08-16 17:09,39.51,2.5
262145,34261,2022-08-16 17:23,39.2,2.5
258448,31984,2022-08-16 17:36,37.46,2.5
262150,34265,2022-08-16 17:39,73.22,2.5
256525,714,2022-08-16 18:14,65.98,2.5
262156,34269,2022-08-16 18:16,37.1,2.5
262162,34273,2022-08-16 18:24,77.27,2.5
262165,34276,2022-08-16 18:44,48.56,2.5
262167,34278,2022-08-16 19:03,37.37,2.5
256534,7347,2022-08-16 19:40,27.02,6.0
262001,34169,2022-08-16 19:45,66.67,2.5
262189,34294,2022-08-16 20:44,34.21,2.5
262016,34179,2022-08-16 20:48,36.65,2.5
262184,34291,2022-08-16 20:50,80.37,2.5
262191,34294,2022-08-16 21:01,37.55,2.5
262197,34297,2022-08-16 21:50,48.8,2.5
262195,34296,2022-08-16 21:53,45.05,2.5
262208,34305,2022-08-17 03:08,35.78,2.5
238761,25658,2022-08-17 07:23,59.18,2.5
262224,34313,2022-08-17 07:30,38.33,2.5
262245,34325,2022-08-17 09:13,47.53,2.5
262246,34326,2022-08-17 09:23,40.25,2.5
257510,23287,2022-08-17 09:55,37.08,2.5
256437,30823,2022-08-17 10:10,59.26,2.5
256800,31005,2022-08-17 10:13,32.66,2.5
261733,23417,2022-08-17 10:28,37.47,2.5
262258,6966,2022-08-17 10:32,52.57,2.5
262261,34333,2022-08-17 10:43,37.22,2.5
262265,34335,2022-08-17 10:48,47.95,2.5
262276,34341,2022-08-17 11:37,39.9,2.5
170740,13043,2022-08-17 11:40,91.87,2.5
262298,34355,2022-08-17 12:08,37.35,2.5
259032,28493,2022-08-17 12:17,53.45,2.5
262312,34362,2022-08-17 12:32,40.33,2.5
262282,34343,2022-08-17 12:35,46.52,2.5
262272,34338,2022-08-17 12:37,43.38,2.5
262314,34364,2022-08-17 12:44,36.06,2.5
262322,34371,2022-08-17 13:48,47.98,2.5
262320,34369,2022-08-17 13:53,47.74,2.5
256114,7703,2022-08-17 14:27,29.98,6.0
255937,42,2022-08-17 14:33,83.97,2.5
262332,34378,2022-08-17 14:34,48.03,2.5
262333,34379,2022-08-17 14:36,36.85,2.5
262340,34383,2022-08-17 15:05,37.91,2.5
262343,34385,2022-08-17 15:10,49.09,2.5
241297,3179,2022-08-17 15:13,25.99,6.0
262349,34387,2022-08-17 15:19,70.87,2.5
262351,34389,2022-08-17 15:27,38.27,2.5
262350,34388,2022-08-17 15:33,39.96,2.5
259898,31335,2022-08-17 15:43,63.3,2.5
262354,34392,2022-08-17 15:54,48.94,2.5
262364,34398,2022-08-17 16:08,37.17,2.5
262382,34411,2022-08-17 17:30,48.36,2.5
15046,16813,2022-08-17 17:40,62.38,2.5
262228,34316,2022-08-17 17:53,39.39,2.5
261573,33908,2022-08-17 17:59,26.21,6.0
262075,23765,2022-08-17 19:16,23.44,6.0
259913,32719,2022-08-17 19:21,30.21,2.5
253895,29387,2022-08-17 19:27,35.42,2.5
262304,34357,2022-08-17 20:01,37.36,2.5
262414,34432,2022-08-17 20:06,39.91,2.5
262419,34433,2022-08-17 20:44,38.93,2.5
260732,33428,2022-08-17 20:48,36.75,2.5
262424,34437,2022-08-17 21:13,70.04,2.5
261686,33977,2022-08-17 21:37,47.19,2.5
262431,34440,2022-08-17 21:58,37.86,2.5
262436,34444,2022-08-17 22:11,39.41,2.5
262443,34448,2022-08-17 23:53,33.88,2.5
262446,34450,2022-08-18 03:18,37.01,2.5
262447,34451,2022-08-18 04:07,37.34,2.5
262451,34453,2022-08-18 05:36,36.46,2.5
262252,34326,2022-08-18 05:54,44.05,2.5
262452,30130,2022-08-18 05:59,35.69,2.5
262455,34456,2022-08-18 06:15,49.8,2.5
258560,32046,2022-08-18 06:28,34.65,2.5
262466,34460,2022-08-18 06:38,38.79,2.5
262478,34466,2022-08-18 07:40,38.33,2.5
262483,34470,2022-08-18 07:57,42.02,2.5
262484,34471,2022-08-18 08:04,38.77,2.5
262473,34463,2022-08-18 08:04,46.68,2.5
262480,34468,2022-08-18 08:04,48.2,2.5
262429,34385,2022-08-18 08:23,31.07,2.5
262490,34475,2022-08-18 08:26,46.17,2.5
262493,34477,2022-08-18 08:37,32.49,2.5
262495,34478,2022-08-18 09:01,47.43,2.5
262497,34480,2022-08-18 09:21,38.27,2.5
262501,34483,2022-08-18 09:44,58.3,2.5
262519,34492,2022-08-18 10:17,37.68,2.5
262522,34493,2022-08-18 10:25,44.28,2.5
261387,32011,2022-08-18 10:40,27.82,6.0
262533,34501,2022-08-18 11:29,46.89,2.5
262539,34505,2022-08-18 11:55,36.91,2.5
262543,34507,2022-08-18 12:07,48.11,2.5
262549,34510,2022-08-18 12:16,47.6,2.5
262537,34503,2022-08-18 12:26,46.86,2.5
262564,34518,2022-08-18 13:05,30.79,2.5
262367,34401,2022-08-18 13:15,51.72,2.5
262509,34487,2022-08-18 13:22,41.93,2.5
262571,34522,2022-08-18 13:24,38.12,2.5
262557,34513,2022-08-18 13:29,37.76,2.5
261214,121,2022-08-18 13:47,31.11,2.5
262577,33515,2022-08-18 14:11,64.85,2.5
262590,34536,2022-08-18 14:54,44.25,2.5
256695,523,2022-08-18 15:20,49.91,2.5
258960,59,2022-08-18 15:30,159.41,2.5
247501,6640,2022-08-18 15:30,40.65,2.5
262613,34551,2022-08-18 16:28,37.2,6.0
262619,34555,2022-08-18 17:03,37.7,2.5
262624,34558,2022-08-18 17:21,58.21,2.5
262640,34569,2022-08-18 18:25,59.84,2.5
236413,1172,2022-08-18 18:31,31.88,2.5
258135,31775,2022-08-18 18:40,33.25,2.5
262645,34573,2022-08-18 19:30,37.79,2.5
262649,34576,2022-08-18 19:35,38.29,2.5
262651,34577,2022-08-18 19:39,42.18,2.5
239797,1241,2022-08-18 19:45,377.04,8.5
127197,158,2022-08-18 20:56,89.93,2.5
262673,34588,2022-08-18 20:57,37.11,2.5
262680,34591,2022-08-18 21:56,37.59,2.5
262681,34592,2022-08-18 22:33,39.04,2.5
262682,34593,2022-08-18 22:41,45.62,2.5
257188,31225,2022-08-19 05:06,37.05,2.5
262690,34598,2022-08-19 05:08,60.08,2.5
262696,34604,2022-08-19 06:23,39.02,2.5
262695,34603,2022-08-19 06:26,37.89,2.5
262699,34606,2022-08-19 06:35,73.65,2.5
262705,34609,2022-08-19 07:18,40.55,2.5
260550,27998,2022-08-19 07:21,27.84,6.0
256731,10481,2022-08-19 07:27,54.8,2.5
262709,34613,2022-08-19 07:36,38.77,2.5
262706,34610,2022-08-19 07:50,46.99,2.5
262723,34620,2022-08-19 08:19,40.44,2.5
262573,34524,2022-08-19 08:23,41.54,2.5
173874,20106,2022-08-19 08:59,30.57,2.5
261378,33807,2022-08-19 09:35,47.56,2.5
262736,34627,2022-08-19 09:41,28.03,6.0
246980,17178,2022-08-19 10:07,53.23,2.5
262744,34631,2022-08-19 10:12,37.04,2.5
228847,23166,2022-08-19 10:58,31.42,2.5
259155,32411,2022-08-19 11:59,48.26,2.5
262778,34655,2022-08-19 12:13,36.49,2.5
262390,33908,2022-08-19 12:14,26.81,6.0
262781,34657,2022-08-19 12:20,39.83,2.5
262727,34622,2022-08-19 12:38,61.04,2.5
262790,34662,2022-08-19 12:39,52.76,2.5
262789,34661,2022-08-19 12:47,48.71,2.5
235511,24605,2022-08-19 13:07,57.15,2.5
244945,988,2022-08-19 13:10,60.36,2.5
262799,34668,2022-08-19 13:10,44.04,2.5
259600,17792,2022-08-19 13:22,44.87,2.5
262807,34673,2022-08-19 13:29,37.22,2.5
262802,27501,2022-08-19 13:38,38.4,2.5
262808,34674,2022-08-19 13:44,48.14,6.0
261869,34085,2022-08-19 14:17,38.32,2.5
262816,34678,2022-08-19 14:26,61.94,2.5
262036,5398,2022-08-19 14:35,49.88,2.5
262817,34679,2022-08-19 14:39,40.33,2.5
262821,34573,2022-08-19 14:59,37.24,2.5
262820,34682,2022-08-19 15:03,36.84,2.5
262822,34683,2022-08-19 15:04,48.2,2.5
262840,30796,2022-08-19 15:43,33.98,2.5
262839,34694,2022-08-19 15:49,36.96,2.5
262846,34697,2022-08-19 16:00,50.27,2.5
262667,34584,2022-08-19 16:06,54.54,2.5
257393,27128,2022-08-19 16:20,31.71,2.5
262099,7,2022-08-19 16:35,44.11,2.5
262688,34597,2022-08-19 17:07,42.85,2.5
262881,34718,2022-08-19 17:16,38.4,2.5
262892,34723,2022-08-19 17:39,48.47,2.5
262875,34715,2022-08-19 17:42,37.61,2.5
166786,8034,2022-08-19 17:53,65.22,2.5
262827,34688,2022-08-19 18:19,43.85,2.5
262906,34731,2022-08-19 18:50,38.35,2.5
256636,30910,2022-08-19 18:55,37.44,6.0
248541,7203,2022-08-19 18:59,41.7,2.5
262915,34737,2022-08-19 19:25,36.78,2.5
262937,34746,2022-08-19 22:23,46.75,2.5
257975,31670,2022-08-19 23:07,39.44,2.5
243429,26587,2022-08-20 03:38,29.53,6.0
262945,34752,2022-08-20 05:04,38.66,2.5
262953,34757,2022-08-20 06:01,41.75,2.5
262954,34758,2022-08-20 06:10,50.38,2.5
262958,34759,2022-08-20 06:21,45.05,2.5
262959,34760,2022-08-20 06:32,66.49,2.5
262969,34767,2022-08-20 07:09,42.48,2.5
262971,34769,2022-08-20 07:18,48.96,2.5
262975,34771,2022-08-20 07:45,48.13,2.5
261544,13314,2022-08-20 07:46,25.4,6.0
254276,29493,2022-08-20 08:31,34.98,2.5
262987,34779,2022-08-20 08:41,95.76,2.5
246889,27839,2022-08-20 09:36,48.33,2.5
263009,16459,2022-08-20 10:02,41.16,2.5
263022,34801,2022-08-20 10:49,38.09,2.5
262428,34439,2022-08-20 10:51,44.76,2.5
263029,34807,2022-08-20 11:06,41.35,2.5
128142,542,2022-08-20 11:09,72.61,2.5
263031,34809,2022-08-20 11:19,39.17,2.5
263043,34816,2022-08-20 12:16,69.03,2.5
257391,23401,2022-08-20 12:23,29.5,6.0
263035,34811,2022-08-20 12:36,43.59,2.5
262858,34705,2022-08-20 12:46,46.74,2.5
263053,34821,2022-08-20 13:09,41.69,2.5
233302,24177,2022-08-20 13:13,150.49,2.5
263058,34825,2022-08-20 13:25,38.82,2.5
263055,34823,2022-08-20 13:27,41.9,2.5
263061,34827,2022-08-20 13:31,48.1,2.5
263070,34832,2022-08-20 14:09,41.49,2.5
262973,34770,2022-08-20 14:21,86.67,2.5
263080,34838,2022-08-20 14:50,56.56,2.5
259917,31635,2022-08-20 15:46,30.25,2.5
251096,28633,2022-08-20 15:53,51.47,2.5
263101,34847,2022-08-20 16:44,45.31,2.5
263116,34856,2022-08-20 16:52,50.56,2.5
263114,34855,2022-08-20 17:05,50.8,2.5
263124,34860,2022-08-20 17:48,37.64,2.5
257847,1029,2022-08-20 18:15,80.31,2.5
263128,34863,2022-08-20 18:43,38.63,2.5
263141,34873,2022-08-20 19:06,39.15,2.5
256677,7387,2022-08-20 19:31,59.97,2.5
263145,34877,2022-08-20 19:40,38.08,2.5
263142,34874,2022-08-20 19:46,39.16,2.5
263152,34881,2022-08-20 19:52,43.44,2.5
263158,34886,2022-08-20 20:13,41.46,2.5
261663,32883,2022-08-20 20:20,32.21,2.5
257689,31497,2022-08-20 21:24,37.84,2.5
262990,25626,2022-08-20 22:05,28.47,6.0
263186,34905,2022-08-20 23:37,37.12,2.5
263185,34904,2022-08-20 23:53,47.77,2.5
263192,34908,2022-08-21 05:36,44.39,2.5
263140,34872,2022-08-21 06:11,51.88,2.5
263196,34911,2022-08-21 06:21,37.51,2.5
260211,33092,2022-08-21 08:07,48.11,2.5
263205,34920,2022-08-21 08:29,43.93,2.5
240012,25958,2022-08-21 09:13,31.6,2.5
263211,34924,2022-08-21 09:55,39.08,2.5
263224,34933,2022-08-21 10:10,31.9,2.5
263222,34932,2022-08-21 10:12,50.44,14.5
263228,30796,2022-08-21 10:12,28.18,6.0
258468,31994,2022-08-21 10:16,30.4,2.5
263229,801,2022-08-21 10:19,40.3,2.5
263241,34943,2022-08-21 10:57,37.1,2.5
263246,34946,2022-08-21 11:34,37.59,2.5
263252,34949,2022-08-21 11:46,39.19,2.5
263254,34950,2022-08-21 11:53,42.12,2.5
263256,34951,2022-08-21 11:56,52.82,2.5
16225,4894,2022-08-21 12:34,68.55,2.5
263261,34955,2022-08-21 12:56,37.22,2.5
263266,34958,2022-08-21 12:58,37.41,2.5
262562,34516,2022-08-21 13:34,43.57,2.5
263275,34964,2022-08-21 13:44,105.58,2.5
263279,34967,2022-08-21 13:50,39.97,2.5
263284,34969,2022-08-21 14:03,38.49,2.5
263298,34978,2022-08-21 15:24,38.5,2.5
261926,24793,2022-08-21 15:34,289.53,5.5
263304,34982,2022-08-21 15:48,47.75,2.5
263308,34985,2022-08-21 15:59,121.91,2.5
263311,34987,2022-08-21 16:04,37.62,2.5
256807,31013,2022-08-21 16:06,49.11,2.5
263318,34993,2022-08-21 16:48,53.08,2.5
263320,34995,2022-08-21 17:02,41.39,2.5
262885,8642,2022-08-21 17:06,43.5,2.5
263325,34997,2022-08-21 17:12,36.65,2.5
261715,33997,2022-08-21 17:12,39.66,2.5
16754,17536,2022-08-21 17:14,40.94,2.5
263327,34999,2022-08-21 17:37,47.21,2.5
263329,35000,2022-08-21 17:39,51.33,2.5
263335,35004,2022-08-21 17:52,40.77,2.5
263339,35007,2022-08-21 18:05,38.83,2.5
163646,6254,2022-08-21 18:19,67.05,2.5
162139,17696,2022-08-21 18:26,88.28,2.5
263343,35010,2022-08-21 18:32,40.38,2.5
263347,35013,2022-08-21 18:53,67.27,2.5
246230,18496,2022-08-21 19:00,60.86,2.5
263353,35017,2022-08-21 19:27,43.54,2.5
14366,7949,2022-08-21 19:35,122.49,2.5
263357,35020,2022-08-21 19:57,36.65,2.5
263359,35021,2022-08-21 20:25,65.86,2.5
248976,28175,2022-08-21 20:28,47.04,2.5
263362,35024,2022-08-21 21:25,68.96,2.5
263367,35028,2022-08-21 21:49,38.39,2.5
263374,35034,2022-08-22 06:05,49.88,2.5
263382,35039,2022-08-22 06:16,39.98,2.5
263381,35038,2022-08-22 06:20,37.78,2.5
262316,34343,2022-08-22 06:21,56.08,2.5
257380,31011,2022-08-22 07:51,39.83,2.5
258783,11,2022-08-22 07:58,49.34,2.5
263398,35051,2022-08-22 08:22,46.72,2.5
263403,454,2022-08-22 08:44,35.52,2.5
255833,28374,2022-08-22 08:52,46.92,2.5
262550,34511,2022-08-22 09:23,37.79,2.5
263414,35056,2022-08-22 09:48,36.85,2.5
263419,1083,2022-08-22 09:49,275.96,2.5
263383,35040,2022-08-22 09:54,36.75,2.5
263423,35061,2022-08-22 10:35,62.5,2.5
262874,34714,2022-08-22 10:45,37.59,2.5
261822,34057,2022-08-22 10:48,36.12,2.5
8425,12704,2022-08-22 11:40,48.47,2.5
256514,24152,2022-08-22 11:43,63.96,2.5
249034,296,2022-08-22 11:45,163.76,2.5
263443,35072,2022-08-22 11:53,38.0,2.5
263446,35073,2022-08-22 12:19,51.63,2.5
263429,35065,2022-08-22 12:42,37.72,2.5
262335,25638,2022-08-22 12:43,91.73,2.5
262379,32561,2022-08-22 13:00,29.51,6.0
263456,35080,2022-08-22 13:13,38.71,2.5
263459,35083,2022-08-22 13:21,38.84,2.5
245540,27417,2022-08-22 13:45,44.39,2.5
263463,5356,2022-08-22 14:10,378.4,5.5
257748,25577,2022-08-22 14:14,93.42,2.5
170765,199,2022-08-22 14:21,122.55,2.5
253178,29080,2022-08-22 14:32,115.82,2.5
252876,12067,2022-08-22 14:32,62.87,2.5
263479,35091,2022-08-22 15:09,37.13,2.5
256274,800,2022-08-22 15:19,85.76,2.5
263493,35099,2022-08-22 15:59,38.16,6.0
262942,34749,2022-08-22 16:08,48.28,2.5
258704,21724,2022-08-22 16:09,70.78,2.5
263491,35098,2022-08-22 16:13,46.97,2.5
263490,12213,2022-08-22 16:25,28.77,6.0
263317,34992,2022-08-22 16:42,38.25,2.5
263505,35106,2022-08-22 16:46,40.3,2.5
263504,35105,2022-08-22 16:46,43.09,2.5
263507,35108,2022-08-22 16:55,36.95,6.0
263510,35110,2022-08-22 16:59,48.33,2.5
263515,35113,2022-08-22 17:13,79.09,2.5
263517,1197,2022-08-22 17:17,30.27,2.5
261968,34146,2022-08-22 17:31,43.15,2.5
245391,27372,2022-08-22 18:11,57.84,2.5
263530,35120,2022-08-22 18:25,37.91,2.5
263534,35123,2022-08-22 18:27,48.44,2.5
263541,35128,2022-08-22 19:43,47.13,2.5
253488,7886,2022-08-22 20:34,80.63,2.5
263054,34822,2022-08-22 20:43,47.4,2.5
263547,35132,2022-08-22 22:06,73.26,2.5
263558,35137,2022-08-22 23:01,60.17,2.5
257257,20725,2022-08-23 03:16,27.7,6.0
259234,20076,2022-08-23 04:50,98.42,5.5
256515,437,2022-08-23 05:12,62.19,2.5
256224,8161,2022-08-23 05:30,128.21,2.5
263569,35141,2022-08-23 06:04,38.08,2.5
263572,35142,2022-08-23 06:57,36.62,2.5
258155,136,2022-08-23 07:25,88.77,2.5
263577,35146,2022-08-23 08:05,36.7,2.5
263581,35148,2022-08-23 08:26,37.89,2.5
263578,35147,2022-08-23 08:29,38.78,2.5
155916,4101,2022-08-23 08:32,113.13,2.5
263582,35149,2022-08-23 08:36,36.51,2.5
8581,12292,2022-08-23 08:48,40.2,2.5
255684,28856,2022-08-23 09:00,41.87,2.5
263601,35157,2022-08-23 09:12,90.28,2.5
263203,34918,2022-08-23 09:27,39.29,2.5
258248,25068,2022-08-23 09:27,27.45,6.0
257515,30688,2022-08-23 09:39,14.8,6.0
263607,35161,2022-08-23 09:48,39.71,2.5
263615,35164,2022-08-23 10:22,43.21,2.5
263616,35165,2022-08-23 10:34,47.81,2.5
259131,27801,2022-08-23 11:07,97.71,2.5
263636,35176,2022-08-23 11:44,65.44,2.5
263637,296,2022-08-23 11:44,57.89,2.5
262626,21538,2022-08-23 11:55,97.75,5.5
263646,35182,2022-08-23 12:23,36.76,2.5
258430,2362,2022-08-23 12:33,66.62,2.5
263649,21538,2022-08-23 12:43,195.54,5.5
263654,35185,2022-08-23 12:58,39.64,2.5
262328,34374,2022-08-23 13:13,48.41,2.5
263655,35186,2022-08-23 13:18,36.7,2.5
263669,35195,2022-08-23 14:11,39.93,2.5
13729,4667,2022-08-23 14:12,40.5,2.5
256424,18238,2022-08-23 15:03,46.57,2.5
259954,20109,2022-08-23 15:11,38.96,2.5
258694,402,2022-08-23 15:22,72.91,2.5
263684,35204,2022-08-23 15:49,36.91,2.5
263686,35206,2022-08-23 16:09,36.76,2.5
262890,5398,2022-08-23 16:10,38.22,2.5
263689,35208,2022-08-23 16:12,60.21,2.5
263685,35205,2022-08-23 16:15,61.92,2.5
246823,26982,2022-08-23 16:29,51.55,2.5
263695,35211,2022-08-23 16:54,39.68,2.5
247770,3472,2022-08-23 17:09,97.14,2.5
263702,35216,2022-08-23 17:18,38.89,2.5
263713,35222,2022-08-23 17:20,44.97,2.5
263716,35224,2022-08-23 17:36,49.39,2.5
263122,34859,2022-08-23 18:17,37.05,2.5
263731,35233,2022-08-23 18:24,37.93,2.5
263733,35234,2022-08-23 18:42,38.88,2.5
263745,35241,2022-08-23 19:11,37.24,2.5
263753,35246,2022-08-23 19:50,57.31,2.5
177882,457,2022-08-23 20:06,63.05,2.5
243468,16332,2022-08-23 20:54,37.3,6.0
261143,9165,2022-08-23 21:29,126.96,2.5
263781,35265,2022-08-24 05:45,51.89,6.0
256521,22,2022-08-24 07:07,58.35,2.5
263679,34757,2022-08-24 07:21,45.23,6.0
262891,34723,2022-08-24 09:02,30.3,6.0
263802,35274,2022-08-24 09:09,55.33,6.0
263803,35275,2022-08-24 09:16,48.39,6.0
242590,26535,2022-08-24 09:55,51.0,6.0
257871,31599,2022-08-24 11:19,32.78,6.0
263811,35281,2022-08-24 11:41,46.62,6.0
263816,35285,2022-08-24 12:19,39.52,6.0
263818,35286,2022-08-24 12:41,46.59,6.0
261060,33633,2022-08-24 12:44,30.29,6.0
263822,35289,2022-08-24 12:53,40.38,6.0
256428,685,2022-08-24 13:46,96.49,2.5
263838,35299,2022-08-24 14:00,59.12,6.0
263836,35297,2022-08-24 14:01,38.59,6.0
263840,2231,2022-08-24 14:09,41.75,6.0
263839,35300,2022-08-24 14:09,44.39,6.0
263550,34511,2022-08-24 14:55,38.66,6.0
261099,4493,2022-08-24 14:55,39.01,6.0
260429,33227,2022-08-24 15:02,60.74,2.5
243138,7181,2022-08-24 15:03,116.4,2.5
258636,4866,2022-08-24 15:15,131.0,2.5
263844,35302,2022-08-24 15:16,36.67,6.0
263852,35308,2022-08-24 15:31,39.86,6.0
263859,35314,2022-08-24 15:55,36.83,6.0
263846,35303,2022-08-24 16:16,46.88,6.0
263862,35316,2022-08-24 16:16,37.63,6.0
263869,35319,2022-08-24 16:27,80.71,2.5
263609,34872,2022-08-24 16:34,47.02,6.0
253641,309,2022-08-24 17:00,80.96,2.5
263882,35323,2022-08-24 17:10,39.57,6.0
263833,35296,2022-08-24 17:12,51.63,6.0
263883,35324,2022-08-24 17:15,53.56,6.0
263887,35324,2022-08-24 17:16,25.51,6.0
257375,31097,2022-08-24 19:40,48.19,6.0
235693,24656,2022-08-24 19:49,47.6,6.0
256964,31106,2022-08-24 20:00,74.57,2.5
263910,35341,2022-08-24 20:59,41.21,6.0
263915,35344,2022-08-24 23:43,52.24,6.0
263920,35348,2022-08-25 03:32,49.0,6.0
263925,35352,2022-08-25 05:01,83.67,2.5
263926,35353,2022-08-25 05:33,256.71,2.5
263789,35269,2022-08-25 05:37,38.92,6.0
263928,35354,2022-08-25 05:40,47.43,6.0
249666,28285,2022-08-25 06:32,32.46,6.0
257547,915,2022-08-25 06:48,77.96,2.5
263608,25732,2022-08-25 07:59,164.97,2.5
263954,35366,2022-08-25 08:33,66.31,2.5
263961,35371,2022-08-25 09:11,40.57,6.0
250761,5969,2022-08-25 09:18,61.64,2.5
241337,12155,2022-08-25 10:04,60.33,2.5
263976,35382,2022-08-25 11:06,36.84,6.0
263984,35387,2022-08-25 11:51,37.56,6.0
263981,35385,2022-08-25 12:08,47.08,6.0
258469,31995,2022-08-25 12:38,32.02,6.0
263992,35394,2022-08-25 12:42,46.31,6.0
263994,35396,2022-08-25 12:59,49.74,6.0
264001,35400,2022-08-25 13:11,38.07,6.0
264000,35399,2022-08-25 13:23,51.05,6.0
192021,7890,2022-08-25 13:42,69.23,2.5
263968,35377,2022-08-25 14:03,41.66,6.0
245451,17567,2022-08-25 14:32,104.72,2.5
264021,35412,2022-08-25 15:10,39.89,6.0
262400,34424,2022-08-25 16:24,44.39,6.0
264039,35422,2022-08-25 16:33,44.39,6.0
258542,246,2022-08-25 16:49,35.42,6.0
262112,34240,2022-08-25 17:03,48.13,6.0
264053,35433,2022-08-25 17:21,43.18,6.0
264052,35432,2022-08-25 17:26,48.56,6.0
263993,35395,2022-08-25 17:37,47.99,6.0
264062,35438,2022-08-25 17:59,37.68,6.0
264065,35440,2022-08-25 18:00,48.78,6.0
264070,35443,2022-08-25 18:04,52.8,6.0
264076,35447,2022-08-25 18:55,37.6,6.0
264082,35451,2022-08-25 19:38,46.62,6.0
231076,23540,2022-08-25 20:06,47.99,6.0
194364,21585,2022-08-25 20:57,48.14,6.0
264102,35462,2022-08-25 21:53,41.37,6.0
264106,35466,2022-08-26 03:29,38.56,6.0
260963,4545,2022-08-26 05:39,65.28,2.5
255327,10534,2022-08-26 06:30,80.04,2.5
254724,26589,2022-08-26 06:36,35.66,6.0
263980,35384,2022-08-26 06:59,65.73,2.5
264121,35474,2022-08-26 07:32,42.92,6.0
256007,1185,2022-08-26 07:50,87.94,2.5
264127,35477,2022-08-26 08:14,37.13,6.0
264125,35475,2022-08-26 08:15,38.57,6.0
264132,35478,2022-08-26 08:34,49.09,6.0
257886,8225,2022-08-26 09:01,111.26,2.5
264133,35479,2022-08-26 09:11,68.37,2.5
260323,4943,2022-08-26 09:54,37.38,6.0
264146,35485,2022-08-26 10:15,42.8,6.0
256073,30639,2022-08-26 10:35,145.54,2.5
245640,27458,2022-08-26 11:09,35.6,6.0
262220,32500,2022-08-26 11:12,65.26,2.5
258546,32038,2022-08-26 12:00,32.02,6.0
264163,35492,2022-08-26 12:08,48.8,6.0
261363,33801,2022-08-26 12:14,37.29,6.0
264171,2781,2022-08-26 12:43,99.86,2.5
264175,35499,2022-08-26 13:41,38.28,6.0
264182,35502,2022-08-26 14:18,37.29,6.0
259905,31735,2022-08-26 15:38,38.11,6.0
264191,35507,2022-08-26 15:42,39.73,6.0
264197,35511,2022-08-26 15:51,81.57,2.5
259548,31772,2022-08-26 16:19,33.65,6.0
264202,35513,2022-08-26 16:21,57.1,6.0
11314,13334,2022-08-26 16:25,30.78,6.0
253424,25249,2022-08-26 16:26,27.92,6.0
242309,8348,2022-08-26 16:35,43.99,6.0
237414,25283,2022-08-26 16:40,31.07,6.0
26547,17959,2022-08-26 16:44,96.55,2.5
231273,23610,2022-08-26 16:48,37.81,6.0
240580,25871,2022-08-26 16:50,33.75,6.0
209771,22349,2022-08-26 16:52,34.64,6.0
264208,19339,2022-08-26 16:52,53.3,6.0
15346,16916,2022-08-26 16:53,69.52,2.5
264211,35516,2022-08-26 16:55,29.77,6.0
264209,35515,2022-08-26 16:59,41.27,6.0
264210,25259,2022-08-26 17:01,36.12,6.0
178139,20375,2022-08-26 17:04,32.9,6.0
238295,24059,2022-08-26 17:18,38.89,6.0
259837,32848,2022-08-26 17:19,36.84,6.0
232672,10324,2022-08-26 17:24,47.74,6.0
241780,25759,2022-08-26 17:28,48.05,6.0
249464,24042,2022-08-26 17:31,36.78,6.0
207506,589,2022-08-26 17:40,89.35,2.5
219390,22059,2022-08-26 17:44,30.6,6.0
256288,24689,2022-08-26 17:45,41.56,6.0
25898,16442,2022-08-26 17:54,32.37,6.0
13590,1182,2022-08-26 18:02,73.8,2.5
16830,8036,2022-08-26 18:04,75.41,2.5
239313,22744,2022-08-26 18:05,30.29,6.0
143872,2742,2022-08-26 18:08,47.74,6.0
264223,28476,2022-08-26 18:25,63.81,2.5
260933,12183,2022-08-26 18:27,32.3,6.0
256221,18418,2022-08-26 18:43,86.48,2.5
264225,8210,2022-08-26 19:19,37.08,6.0
252616,28738,2022-08-26 19:26,35.28,6.0
237656,19493,2022-08-26 19:35,32.5,6.0
183373,17318,2022-08-26 19:37,38.42,6.0
264229,35526,2022-08-26 19:40,46.6,6.0
212807,22455,2022-08-26 20:36,32.71,6.0
237140,25155,2022-08-26 21:09,32.46,6.0
263336,17536,2022-08-26 21:17,50.31,6.0
184800,20915,2022-08-26 21:27,39.86,6.0
250093,28067,2022-08-26 21:37,32.21,6.0
231772,23768,2022-08-26 22:06,34.71,6.0
264259,33447,2022-08-26 22:44,31.2,6.0
246733,21791,2022-08-26 22:56,39.21,6.0
264260,35532,2022-08-26 23:16,37.53,6.0
238465,24229,2022-08-26 23:57,43.03,6.0
256445,29340,2022-08-27 05:12,31.96,6.0
264270,35536,2022-08-27 05:29,40.03,6.0
256629,24733,2022-08-27 05:43,32.77,6.0
255802,30495,2022-08-27 06:07,32.76,6.0
233011,5558,2022-08-27 06:45,77.84,2.5
177121,2286,2022-08-27 07:01,68.85,2.5
264278,35542,2022-08-27 07:14,63.86,2.5
264116,35471,2022-08-27 07:15,37.04,6.0
152853,6239,2022-08-27 07:24,38.44,6.0
257345,21617,2022-08-27 07:27,32.34,6.0
246028,3221,2022-08-27 07:35,68.0,2.5
240719,4244,2022-08-27 07:42,34.33,6.0
264286,35545,2022-08-27 07:58,36.54,6.0
264274,35539,2022-08-27 08:19,43.85,6.0
110314,6835,2022-08-27 08:39,76.43,2.5
264296,35548,2022-08-27 08:42,52.7,6.0
264297,35549,2022-08-27 09:02,38.69,6.0
264300,698,2022-08-27 09:07,86.4,2.5
256089,25599,2022-08-27 09:17,33.06,6.0
246288,17,2022-08-27 09:24,74.41,2.5
256054,25931,2022-08-27 09:39,34.2,6.0
263444,30151,2022-08-27 09:52,30.11,6.0
264308,16459,2022-08-27 09:54,97.73,2.5
264311,35557,2022-08-27 10:39,36.63,6.0
261919,34099,2022-08-27 10:41,39.7,6.0
262526,34258,2022-08-27 10:49,34.82,6.0
237877,23634,2022-08-27 11:00,45.18,6.0
257409,26978,2022-08-27 11:05,30.94,6.0
263770,35259,2022-08-27 11:18,36.61,6.0
264319,35562,2022-08-27 11:19,57.19,6.0
263129,209,2022-08-27 11:37,106.53,5.5
16165,9381,2022-08-27 11:59,47.63,6.0
264328,35566,2022-08-27 12:04,107.06,2.5
242127,26293,2022-08-27 12:27,34.77,6.0
263497,35101,2022-08-27 12:39,66.89,2.5
256388,22638,2022-08-27 12:46,61.16,2.5
264338,35572,2022-08-27 13:01,113.02,2.5
246820,25590,2022-08-27 13:16,30.73,6.0
255973,16471,2022-08-27 13:19,34.23,6.0
264339,35573,2022-08-27 13:22,71.3,2.5
244425,5068,2022-08-27 14:06,86.42,2.5
246574,21740,2022-08-27 14:11,34.51,6.0
27432,16653,2022-08-27 14:36,70.51,2.5
215533,22571,2022-08-27 14:41,30.88,6.0
264349,1125,2022-08-27 15:15,92.29,2.5
264348,27117,2022-08-27 15:15,34.6,6.0
264344,35578,2022-08-27 15:21,37.39,6.0
261151,33451,2022-08-27 15:22,30.81,6.0
259045,32349,2022-08-27 15:29,31.68,6.0
16943,17630,2022-08-27 15:33,37.13,6.0
260196,6530,2022-08-27 15:35,48.45,6.0
256811,25005,2022-08-27 15:40,32.12,6.0
258846,32223,2022-08-27 16:02,54.6,6.0
137741,19268,2022-08-27 16:11,55.31,6.0
256283,7566,2022-08-27 16:16,124.17,2.5
246888,27318,2022-08-27 16:26,30.61,6.0
264370,35589,2022-08-27 16:28,39.42,6.0
230990,23507,2022-08-27 16:31,35.36,6.0
264380,35595,2022-08-27 17:40,36.93,6.0
246422,23435,2022-08-27 17:49,32.71,6.0
257080,29624,2022-08-27 17:52,110.55,2.5
231216,21951,2022-08-27 17:55,31.66,6.0
6222,5306,2022-08-27 18:16,38.55,6.0
264387,35599,2022-08-27 18:39,48.35,6.0
234337,10222,2022-08-27 18:54,53.21,6.0
251702,11529,2022-08-27 18:57,43.21,6.0
257917,31631,2022-08-27 20:07,38.14,6.0
264395,35605,2022-08-27 20:52,38.5,6.0
263594,3127,2022-08-27 20:57,103.69,2.5
262811,33900,2022-08-27 21:08,30.62,6.0
264372,35591,2022-08-27 22:12,56.01,6.0
262717,32011,2022-08-28 00:08,35.12,6.0
256385,19725,2022-08-28 06:45,91.0,2.5
13294,1702,2022-08-28 07:08,104.71,2.5
264411,35614,2022-08-28 07:26,45.9,6.0
264415,35616,2022-08-28 07:29,44.8,6.0
264416,32336,2022-08-28 07:34,30.69,6.0
264417,35617,2022-08-28 07:45,57.26,6.0
264425,35622,2022-08-28 08:37,37.51,6.0
264423,35620,2022-08-28 08:38,36.86,6.0
264429,35625,2022-08-28 08:54,37.72,6.0
252529,27680,2022-08-28 08:59,46.21,6.0
264374,35593,2022-08-28 09:01,37.92,6.0
264447,35635,2022-08-28 11:07,41.58,6.0
261766,34024,2022-08-28 11:56,36.93,6.0
184400,20890,2022-08-28 12:13,86.39,2.5
264456,35639,2022-08-28 12:26,56.76,6.0
241869,4018,2022-08-28 12:28,42.41,6.0
264444,35633,2022-08-28 12:30,37.88,6.0
264461,26512,2022-08-28 12:48,33.43,6.0
264094,35458,2022-08-28 13:03,37.94,6.0
258567,31784,2022-08-28 14:04,29.95,6.0
264475,35646,2022-08-28 14:19,48.38,6.0
52924,342,2022-08-28 14:19,38.76,6.0
175881,20253,2022-08-28 14:19,46.76,6.0
264467,35644,2022-08-28 14:28,39.82,6.0
248068,169,2022-08-28 14:29,93.17,2.5
262491,33531,2022-08-28 15:17,54.39,6.0
264487,35652,2022-08-28 15:17,36.55,6.0
264483,6887,2022-08-28 15:21,134.49,5.5
264482,35650,2022-08-28 15:26,47.9,6.0
255464,30312,2022-08-28 15:51,53.77,6.0
163773,12040,2022-08-28 16:02,33.25,6.0
264492,35655,2022-08-28 16:05,41.75,6.0
166914,19796,2022-08-28 16:40,32.12,6.0
264495,6095,2022-08-28 16:45,66.01,2.5
261842,22375,2022-08-28 17:07,26.07,6.0
245465,26921,2022-08-28 17:15,35.74,6.0
244383,13239,2022-08-28 17:26,118.76,2.5
264503,12167,2022-08-28 17:28,32.19,6.0
264505,35661,2022-08-28 17:29,37.4,6.0
244022,26987,2022-08-28 17:29,37.79,6.0
247173,23469,2022-08-28 17:33,34.92,6.0
252187,28411,2022-08-28 17:50,50.22,6.0
249078,13059,2022-08-28 17:50,70.99,2.5
80780,18502,2022-08-28 17:58,67.85,2.5
86512,16129,2022-08-28 18:10,56.95,6.0
153566,1228,2022-08-28 18:16,44.69,6.0
91891,18561,2022-08-28 18:28,36.84,6.0
264514,35664,2022-08-28 18:32,42.24,6.0
262792,31335,2022-08-28 18:42,32.48,6.0
161653,2172,2022-08-28 19:11,41.46,6.0
247327,27908,2022-08-28 19:29,43.16,6.0
264520,35666,2022-08-28 19:30,87.72,2.5
263226,34934,2022-08-28 19:39,65.04,2.5
162370,529,2022-08-28 19:48,85.52,2.5
14949,12014,2022-08-28 19:51,87.06,2.5
260317,9053,2022-08-28 20:30,99.54,2.5
226416,23031,2022-08-28 20:48,49.46,6.0
264536,32588,2022-08-28 21:03,31.03,6.0
237737,16741,2022-08-28 21:06,30.04,6.0
264542,35674,2022-08-28 22:42,37.03,6.0
249211,28230,2022-08-29 04:06,36.84,6.0
264553,35679,2022-08-29 06:44,36.94,6.0
264557,35682,2022-08-29 07:30,38.94,6.0
90598,8181,2022-08-29 07:48,139.54,2.5
264559,35683,2022-08-29 07:49,36.8,6.0
262355,31331,2022-08-29 08:07,47.96,6.0
255834,7834,2022-08-29 08:47,73.87,2.5
252540,25099,2022-08-29 08:55,27.52,6.0
264565,35687,2022-08-29 08:57,39.13,6.0
263426,35063,2022-08-29 09:19,52.84,6.0
263663,31371,2022-08-29 09:20,29.19,6.0
264572,35693,2022-08-29 09:25,57.24,6.0
264575,1083,2022-08-29 09:37,143.08,2.5
264578,35697,2022-08-29 09:53,88.8,2.5
263483,24152,2022-08-29 10:22,60.41,2.5
264582,35700,2022-08-29 10:29,46.77,6.0
258195,31818,2022-08-29 10:45,29.61,6.0
260676,33387,2022-08-29 10:57,31.25,6.0
264463,7387,2022-08-29 11:18,53.93,6.0
261336,11619,2022-08-29 11:58,33.46,6.0
264612,32892,2022-08-29 14:26,30.74,6.0
162778,3428,2022-08-29 14:38,73.86,2.5
31165,3638,2022-08-29 15:16,40.26,6.0
264621,480,2022-08-29 15:39,37.48,6.0
264494,35656,2022-08-29 15:46,37.69,6.0
264625,35716,2022-08-29 15:57,47.89,6.0
239057,25750,2022-08-29 16:14,85.75,2.5
264631,35718,2022-08-29 16:21,36.53,6.0
16559,1060,2022-08-29 16:22,134.18,2.5
264640,35723,2022-08-29 16:55,37.32,6.0
263221,34931,2022-08-29 17:01,38.0,6.0
264642,35725,2022-08-29 17:10,48.24,6.0
264644,35727,2022-08-29 17:17,38.28,6.0
264648,35729,2022-08-29 17:22,37.97,6.0
264649,35730,2022-08-29 17:30,40.86,6.0
260509,33283,2022-08-29 17:56,37.15,6.0
258416,31965,2022-08-29 17:57,29.94,6.0
218386,8265,2022-08-29 18:00,67.74,2.5
264650,35731,2022-08-29 18:16,135.29,2.5
264658,35735,2022-08-29 18:26,80.0,2.5
264660,35736,2022-08-29 18:31,46.83,6.0
219834,22768,2022-08-29 18:45,30.41,6.0
264668,35739,2022-08-29 19:08,38.48,6.0
264670,35740,2022-08-29 19:39,62.63,2.5
248684,197,2022-08-29 20:08,67.61,2.5
256109,101,2022-08-29 21:11,112.89,2.5
254270,26473,2022-08-30 04:20,32.49,6.0
259411,10733,2022-08-30 06:37,45.52,6.0
264693,35753,2022-08-30 07:00,37.66,6.0
235724,8570,2022-08-30 07:02,68.52,2.5
259242,24736,2022-08-30 08:01,56.47,6.0
264703,17859,2022-08-30 08:29,31.51,6.0
262715,34613,2022-08-30 08:37,30.43,6.0
264706,25732,2022-08-30 08:44,150.63,2.5
262926,7,2022-08-30 09:25,69.34,2.5
264465,35643,2022-08-30 09:43,50.22,6.0
264717,35763,2022-08-30 10:38,36.82,6.0
264734,35773,2022-08-30 11:43,39.52,6.0
264736,35775,2022-08-30 11:53,44.03,6.0
264737,35776,2022-08-30 11:54,36.64,6.0
264144,35484,2022-08-30 13:34,42.72,6.0
261188,32169,2022-08-30 14:32,38.0,6.0
264753,6794,2022-08-30 14:45,38.57,6.0
264777,25732,2022-08-30 16:50,153.21,2.5
264779,35793,2022-08-30 17:04,38.7,6.0
264795,34969,2022-08-30 18:29,32.23,6.0
264394,714,2022-08-30 18:58,63.08,2.5
264312,13043,2022-08-30 19:01,71.57,2.5
264327,27327,2022-08-30 19:36,27.64,6.0
264805,35807,2022-08-30 19:57,41.35,6.0
264808,563,2022-08-30 20:09,98.83,2.5
263157,34886,2022-08-30 20:32,34.08,6.0
264810,35341,2022-08-30 20:34,147.33,5.5
256306,20049,2022-08-30 20:53,34.87,6.0
264815,35811,2022-08-30 21:04,91.29,2.5
264823,35816,2022-08-30 22:51,66.57,2.5
261937,34124,2022-08-30 23:10,32.5,6.0
264827,31544,2022-08-31 05:45,32.16,6.0
239673,25890,2022-08-31 05:55,102.44,2.5
259474,8048,2022-08-31 06:38,36.28,6.0
58451,18293,2022-08-31 06:50,51.43,6.0
264832,35822,2022-08-31 06:56,36.64,6.0
257833,31577,2022-08-31 06:56,38.45,6.0
264835,35825,2022-08-31 07:44,44.39,6.0
264836,35826,2022-08-31 07:53,38.68,6.0
264842,35827,2022-08-31 08:39,38.34,6.0
264710,35758,2022-08-31 08:43,50.72,6.0
264844,35828,2022-08-31 08:48,37.52,6.0
259994,27316,2022-08-31 08:50,27.48,6.0
264845,35829,2022-08-31 08:58,37.79,12.0
264848,35832,2022-08-31 09:18,40.01,6.0
256682,25628,2022-08-31 09:36,70.89,2.5
264856,35837,2022-08-31 10:07,37.98,6.0
264792,33858,2022-08-31 10:12,33.14,6.0
264868,1075,2022-08-31 11:04,65.01,2.5
262611,34326,2022-08-31 11:11,32.43,6.0
264875,35848,2022-08-31 11:58,38.5,6.0
264873,19467,2022-08-31 11:59,72.13,2.5
264874,35847,2022-08-31 12:00,39.08,6.0
251033,19530,2022-08-31 12:13,116.12,2.5
264882,35852,2022-08-31 12:39,36.53,6.0
264886,35854,2022-08-31 13:28,36.99,6.0
264885,35853,2022-08-31 13:31,50.29,6.0
264887,35855,2022-08-31 13:54,29.65,6.0
264891,35857,2022-08-31 14:00,41.45,6.0
260596,71,2022-08-31 14:17,47.02,6.0
264901,35863,2022-08-31 15:00,59.0,6.0
264907,35867,2022-08-31 15:28,57.62,6.0
240894,5967,2022-08-31 15:36,96.59,2.5
247525,9464,2022-08-31 16:06,64.99,2.5
264912,35871,2022-08-31 16:36,37.37,6.0
264914,35872,2022-08-31 16:39,38.39,6.0
264899,35862,2022-08-31 16:42,28.11,6.0
257501,6811,2022-08-31 17:08,35.94,6.0
250694,28544,2022-08-31 17:26,31.75,6.0
262542,42,2022-08-31 17:30,112.88,2.5
264851,35834,2022-08-31 17:40,37.42,6.0
264924,35877,2022-08-31 17:41,13.27,6.0
264928,35880,2022-08-31 17:45,43.89,6.0
255862,30540,2022-08-31 17:45,36.77,6.0
264424,35621,2022-08-31 18:04,44.22,6.0
264932,35881,2022-08-31 18:12,60.97,2.5
264440,35631,2022-08-31 18:19,49.97,6.0
264937,35884,2022-08-31 19:05,47.85,6.0
264938,35885,2022-08-31 19:37,56.55,6.0
264951,35895,2022-08-31 21:38,47.97,6.0
258327,31909,2022-08-31 21:48,72.86,2.5
264956,35898,2022-08-31 22:17,37.34,6.0
